"",A,C,D,E,F,G,H,I,K,L,M,N,P,Q,R,S,T,V,W,Y
1,2,1,0,0,1,0,0,39,0,13,2,0,0,0,0,0,1,39,0,0
2,2,1,0,0,4,0,0,20,0,45,12,0,0,1,0,0,1,12,0,1
3,6,0,30,35,0,3,1,0,3,1,0,5,1,6,1,3,2,1,0,0
4,6,1,1,2,2,1,1,21,3,12,4,2,1,2,2,3,11,26,0,1
5,15,0,3,5,1,3,1,1,4,3,1,2,36,4,3,9,5,3,0,0
6,10,2,3,2,1,4,1,1,2,1,1,7,2,2,2,31,27,2,0,1
7,26,5,0,1,1,2,0,8,0,7,3,1,2,0,0,6,11,26,0,1
8,1,1,0,0,35,0,4,1,0,4,1,1,0,0,0,1,1,1,5,44
9,3,1,1,4,0,2,3,1,30,2,1,4,1,9,30,4,3,1,0,1
10,8,1,4,9,1,2,2,6,9,4,2,4,1,7,7,8,15,10,0,1
11,14,0,5,7,0,6,3,1,12,2,1,7,1,8,9,14,8,2,0,1
12,44,3,1,1,0,14,0,0,0,1,1,1,2,1,1,23,5,3,0,0
13,17,0,14,19,0,5,1,1,5,1,0,4,5,5,2,10,6,2,0,0
14,2,1,0,0,25,1,1,8,0,31,7,0,1,1,1,1,1,6,4,9
15,9,0,9,21,0,2,3,1,13,2,1,5,1,14,8,5,4,2,0,0
16,3,0,24,8,0,7,4,0,5,1,0,26,1,3,2,9,4,1,0,1
17,4,2,3,3,6,2,18,1,4,5,1,8,1,7,6,6,4,2,2,13
18,5,1,1,5,2,1,3,5,15,13,5,2,1,10,16,3,4,6,1,2
19,9,1,8,5,0,42,2,0,4,1,0,9,1,3,3,8,2,0,0,0
20,9,1,2,5,4,2,2,8,3,18,8,3,2,6,3,6,6,8,1,3
